-- MySQL Script generated by MySQL Workbench
-- 02/17/16 16:41:02
-- Model: New Model    Version: 1.0
-- MySQL Workbench Forward Engineering

SET @OLD_UNIQUE_CHECKS=@@UNIQUE_CHECKS, UNIQUE_CHECKS=0;
SET @OLD_FOREIGN_KEY_CHECKS=@@FOREIGN_KEY_CHECKS, FOREIGN_KEY_CHECKS=0;
SET @OLD_SQL_MODE=@@SQL_MODE, SQL_MODE='TRADITIONAL,ALLOW_INVALID_DATES';

-- -----------------------------------------------------
-- Schema tg09e
-- -----------------------------------------------------
DROP SCHEMA IF EXISTS `tg09e` ;

-- -----------------------------------------------------
-- Schema tg09e
-- -----------------------------------------------------
CREATE SCHEMA IF NOT EXISTS `tg09e` DEFAULT CHARACTER SET utf8 ;
SHOW WARNINGS;
USE `tg09e` ;

-- -----------------------------------------------------
-- Table `tg09e`.`petstore`
-- -----------------------------------------------------
DROP TABLE IF EXISTS `tg09e`.`petstore` ;

SHOW WARNINGS;
CREATE TABLE IF NOT EXISTS `tg09e`.`petstore` (
  `pst_id` SMALLINT NOT NULL,
  `pst_name` VARCHAR(20) NULL,
  `pst_street` VARCHAR(30) NULL,
  `pst_city` VARCHAR(30) NULL,
  `pst_state` CHAR(2) NULL,
  `pst_zip` INT(9) NULL,
  `pst_phone` BIGINT NULL,
  `pst_email` VARCHAR(45) NULL,
  `pst_url` VARCHAR(100) NULL,
  `pst_ytd_sales` VARCHAR(255) NULL,
  PRIMARY KEY (`pst_id`))
ENGINE = InnoDB;

SHOW WARNINGS;

-- -----------------------------------------------------
-- Table `tg09e`.`customer`
-- -----------------------------------------------------
DROP TABLE IF EXISTS `tg09e`.`customer` ;

SHOW WARNINGS;
CREATE TABLE IF NOT EXISTS `tg09e`.`customer` (
  `cus_id` SMALLINT NOT NULL,
  `cus_fname` VARCHAR(15) NOT NULL,
  `cus_lname` VARCHAR(20) NOT NULL,
  `cus_street` VARCHAR(30) NOT NULL,
  `cus_city` VARCHAR(30) NOT NULL,
  `cus_state` CHAR(2) NOT NULL,
  `cus_zip` INT NOT NULL,
  `cus_phone` BIGINT NOT NULL,
  `cus_email` VARCHAR(100) NOT NULL,
  `cus_balance` DECIMAL(6,2) NOT NULL,
  `cus_total_sales` DECIMAL(6,2) NOT NULL,
  `cus_notes` VARCHAR(255) NULL,
  PRIMARY KEY (`cus_id`))
ENGINE = InnoDB;

SHOW WARNINGS;

-- -----------------------------------------------------
-- Table `tg09e`.`pet`
-- -----------------------------------------------------
DROP TABLE IF EXISTS `tg09e`.`pet` ;

SHOW WARNINGS;
CREATE TABLE IF NOT EXISTS `tg09e`.`pet` (
  `pet_id` SMALLINT NOT NULL,
  `pst_id` SMALLINT NOT NULL,
  `cus_id` SMALLINT NULL,
  `pet_type` VARCHAR(45) NULL,
  `pet_sex` ENUM('m', 'f') NULL,
  `pet_cost` DECIMAL(6,2) NULL,
  `pet_price` DECIMAL(6,2) NULL,
  `pet_age` TINYINT NULL,
  `pet_color` VARCHAR(20) NULL,
  `pet_sale_date` DATE NULL,
  `pet_vaccine` ENUM('y', 'n') NULL,
  `pet_fixed` ENUM('y', 'n') NULL,
  `pet_notes` VARCHAR(255) NULL,
  PRIMARY KEY (`pet_id`),
  INDEX `fk_pet_petstore_idx` (`pst_id` ASC),
  INDEX `fk_pet_customer1_idx` (`cus_id` ASC),
  CONSTRAINT `fk_pet_petstore`
    FOREIGN KEY (`pst_id`)
    REFERENCES `tg09e`.`petstore` (`pst_id`)
    ON DELETE NO ACTION
    ON UPDATE NO ACTION,
  CONSTRAINT `fk_pet_customer1`
    FOREIGN KEY (`cus_id`)
    REFERENCES `tg09e`.`customer` (`cus_id`)
    ON DELETE NO ACTION
    ON UPDATE NO ACTION)
ENGINE = InnoDB;

SHOW WARNINGS;

SET SQL_MODE=@OLD_SQL_MODE;
SET FOREIGN_KEY_CHECKS=@OLD_FOREIGN_KEY_CHECKS;
SET UNIQUE_CHECKS=@OLD_UNIQUE_CHECKS;

-- -----------------------------------------------------
-- Data for table `tg09e`.`petstore`
-- -----------------------------------------------------
START TRANSACTION;
USE `tg09e`;
INSERT INTO `tg09e`.`petstore` (`pst_id`, `pst_name`, `pst_street`, `pst_city`, `pst_state`, `pst_zip`, `pst_phone`, `pst_email`, `pst_url`, `pst_ytd_sales`) VALUES (1, 'petstore', '1505 tharpe st', 'tallahassee', 'fl', 32303, 123131142, 'sadhasd@gmail.com', 'www.website.com', '1233');
INSERT INTO `tg09e`.`petstore` (`pst_id`, `pst_name`, `pst_street`, `pst_city`, `pst_state`, `pst_zip`, `pst_phone`, `pst_email`, `pst_url`, `pst_ytd_sales`) VALUES (2, 'petsmart', '1505 main st', 'tallahassee', 'fl', 32303, 124454646, 'afqwer@gmail.com', 'www.asdjaio.com', '123123');
INSERT INTO `tg09e`.`petstore` (`pst_id`, `pst_name`, `pst_street`, `pst_city`, `pst_state`, `pst_zip`, `pst_phone`, `pst_email`, `pst_url`, `pst_ytd_sales`) VALUES (3, 'petcity', '1505 hollywood blvd', 'tallahassee', 'fl', 32303, 567654445, 'asdfqwr13@gmail.com', 'www.wbasjbdiabsd.com', '123123');
INSERT INTO `tg09e`.`petstore` (`pst_id`, `pst_name`, `pst_street`, `pst_city`, `pst_state`, `pst_zip`, `pst_phone`, `pst_email`, `pst_url`, `pst_ytd_sales`) VALUES (4, 'petspetspets', '1505 virginia st', 'tallahassee', 'fl', 32303, 457433777, 'qewr213@gmail.com', 'www.poop.com', '123123');
INSERT INTO `tg09e`.`petstore` (`pst_id`, `pst_name`, `pst_street`, `pst_city`, `pst_state`, `pst_zip`, `pst_phone`, `pst_email`, `pst_url`, `pst_ytd_sales`) VALUES (5, 'morepets', '2345 s monroe st', 'tallahassee', 'fl', 32303, 34556666, 'fwfwq342@gmail.com', 'www.pets.com', '123123');
INSERT INTO `tg09e`.`petstore` (`pst_id`, `pst_name`, `pst_street`, `pst_city`, `pst_state`, `pst_zip`, `pst_phone`, `pst_email`, `pst_url`, `pst_ytd_sales`) VALUES (6, 'exoticpets', '1010 w tennessee st', 'tallahassee', 'fl', 32303, 345676556, 'dafwe23@gmail.com', 'www.petspetspets.com', '123123');
INSERT INTO `tg09e`.`petstore` (`pst_id`, `pst_name`, `pst_street`, `pst_city`, `pst_state`, `pst_zip`, `pst_phone`, `pst_email`, `pst_url`, `pst_ytd_sales`) VALUES (7, 'petsnotjets', '2020 w call st', 'tallahassee', 'fl', 32303, 467656755, 'ewf24tyg@gmail.com', 'www.poooooopypets.com', '123123');
INSERT INTO `tg09e`.`petstore` (`pst_id`, `pst_name`, `pst_street`, `pst_city`, `pst_state`, `pst_zip`, `pst_phone`, `pst_email`, `pst_url`, `pst_ytd_sales`) VALUES (8, 'petttttts', '1313 deadend dr', 'tallahassee', 'fl', 32303, 09884747, 'sdg3242g@gmail.com', 'www.peppypets.com', '123123');
INSERT INTO `tg09e`.`petstore` (`pst_id`, `pst_name`, `pst_street`, `pst_city`, `pst_state`, `pst_zip`, `pst_phone`, `pst_email`, `pst_url`, `pst_ytd_sales`) VALUES (9, 'jetsjkpets', '1234 west west st', 'tallahassee', 'fl', 32303, 123456789, 'dsaf24g@gmail.com', 'www.jetsnotepets.com', '123123');
INSERT INTO `tg09e`.`petstore` (`pst_id`, `pst_name`, `pst_street`, `pst_city`, `pst_state`, `pst_zip`, `pst_phone`, `pst_email`, `pst_url`, `pst_ytd_sales`) VALUES (10, 'pawslife', '2010 10th st', 'tallahassee', 'fl', 32303, 321456765, 'adf34g234@gmail.com', 'www.cats.com', '123123');

COMMIT;


-- -----------------------------------------------------
-- Data for table `tg09e`.`customer`
-- -----------------------------------------------------
START TRANSACTION;
USE `tg09e`;
INSERT INTO `tg09e`.`customer` (`cus_id`, `cus_fname`, `cus_lname`, `cus_street`, `cus_city`, `cus_state`, `cus_zip`, `cus_phone`, `cus_email`, `cus_balance`, `cus_total_sales`, `cus_notes`) VALUES (1, 'tom', 'geary', '1111 street ', 'tallahassee', 'fl', 32303, 9546515556, 'tfgjr2@gmail.com', 12314, 3123, 'this');
INSERT INTO `tg09e`.`customer` (`cus_id`, `cus_fname`, `cus_lname`, `cus_street`, `cus_city`, `cus_state`, `cus_zip`, `cus_phone`, `cus_email`, `cus_balance`, `cus_total_sales`, `cus_notes`) VALUES (2, 'bob', 'roberts', '1112 boulevard', 'tallahassee', 'fl', 32303, 1738284928, 'trsdg@gmail.com', 1231, 2313, 'is');
INSERT INTO `tg09e`.`customer` (`cus_id`, `cus_fname`, `cus_lname`, `cus_street`, `cus_city`, `cus_state`, `cus_zip`, `cus_phone`, `cus_email`, `cus_balance`, `cus_total_sales`, `cus_notes`) VALUES (3, 'jim', 'johnson', '1561 park rd', 'tallahassee', 'fl', 32303, 123333333, 'fqfqefw@gmail.com', 1231, 2222, 'the');
INSERT INTO `tg09e`.`customer` (`cus_id`, `cus_fname`, `cus_lname`, `cus_street`, `cus_city`, `cus_state`, `cus_zip`, `cus_phone`, `cus_email`, `cus_balance`, `cus_total_sales`, `cus_notes`) VALUES (4, 'john', 'jimson', '1888 nw 13th ave', 'tallahassee', 'fl', 32303, 123456789, 'daf24g2d@gmail.com', 2323, 2133, 'notes');
INSERT INTO `tg09e`.`customer` (`cus_id`, `cus_fname`, `cus_lname`, `cus_street`, `cus_city`, `cus_state`, `cus_zip`, `cus_phone`, `cus_email`, `cus_balance`, `cus_total_sales`, `cus_notes`) VALUES (5, 'shawn', 'shawnson', '11864 sw 13th ct', 'tallahassee', 'fl', 32303, 929101929, 'wefw42gw@gmail.com', 2323, 2211, 'fuck');
INSERT INTO `tg09e`.`customer` (`cus_id`, `cus_fname`, `cus_lname`, `cus_street`, `cus_city`, `cus_state`, `cus_zip`, `cus_phone`, `cus_email`, `cus_balance`, `cus_total_sales`, `cus_notes`) VALUES (6, 'chris', 'suarez', '1505 tharpe st', 'tallahassee', 'fl', 32303, 484858687, '24gwegf243g@gmail.com', 2322, 233, 'this');
INSERT INTO `tg09e`.`customer` (`cus_id`, `cus_fname`, `cus_lname`, `cus_street`, `cus_city`, `cus_state`, `cus_zip`, `cus_phone`, `cus_email`, `cus_balance`, `cus_total_sales`, `cus_notes`) VALUES (7, 'cahn', 'colton', '1505 marpe st', 'tallahassee', 'fl', 32303, 573747569, 'efwef@gmail.com', 232, 211, 'notes');
INSERT INTO `tg09e`.`customer` (`cus_id`, `cus_fname`, `cus_lname`, `cus_street`, `cus_city`, `cus_state`, `cus_zip`, `cus_phone`, `cus_email`, `cus_balance`, `cus_total_sales`, `cus_notes`) VALUES (8, 'kevin', 'nealon', '1711 seventh st', 'tallahassee', 'fl', 32303, 928138485, 'wegf1e2g@gmail.com', 232, 111, 'more notes');
INSERT INTO `tg09e`.`customer` (`cus_id`, `cus_fname`, `cus_lname`, `cus_street`, `cus_city`, `cus_state`, `cus_zip`, `cus_phone`, `cus_email`, `cus_balance`, `cus_total_sales`, `cus_notes`) VALUES (9, 'shelby', 'something', '1120 champions way', 'tallahassee', 'fl', 32303, 192939495, 'ef3wh53h@gmail.com', 211, 12, 'ghosts');
INSERT INTO `tg09e`.`customer` (`cus_id`, `cus_fname`, `cus_lname`, `cus_street`, `cus_city`, `cus_state`, `cus_zip`, `cus_phone`, `cus_email`, `cus_balance`, `cus_total_sales`, `cus_notes`) VALUES (10, 'eric', 'king', '1563 north st', 'tallahassee', 'fl', 32303, 102030405, 'egw34g43g@gmail.com', 111, 10, 'boats');

COMMIT;


-- -----------------------------------------------------
-- Data for table `tg09e`.`pet`
-- -----------------------------------------------------
START TRANSACTION;
USE `tg09e`;
INSERT INTO `tg09e`.`pet` (`pet_id`, `pst_id`, `cus_id`, `pet_type`, `pet_sex`, `pet_cost`, `pet_price`, `pet_age`, `pet_color`, `pet_sale_date`, `pet_vaccine`, `pet_fixed`, `pet_notes`) VALUES (1, 1, 1, 'dog', 'm', 8, 60, 1, 'white', '1990-10-02', 'y', 'y', 'no');
INSERT INTO `tg09e`.`pet` (`pet_id`, `pst_id`, `cus_id`, `pet_type`, `pet_sex`, `pet_cost`, `pet_price`, `pet_age`, `pet_color`, `pet_sale_date`, `pet_vaccine`, `pet_fixed`, `pet_notes`) VALUES (2, 1, 2, 'bird', 'm', 70, 70, 2, 'black', '2015-10-02', 'y', 'y', 'no');
INSERT INTO `tg09e`.`pet` (`pet_id`, `pst_id`, `cus_id`, `pet_type`, `pet_sex`, `pet_cost`, `pet_price`, `pet_age`, `pet_color`, `pet_sale_date`, `pet_vaccine`, `pet_fixed`, `pet_notes`) VALUES (3, 1, 3, 'cat', 'm', 900, 80, 3, 'tan', '2016-01-01', 'y', 'y', 'no');
INSERT INTO `tg09e`.`pet` (`pet_id`, `pst_id`, `cus_id`, `pet_type`, `pet_sex`, `pet_cost`, `pet_price`, `pet_age`, `pet_color`, `pet_sale_date`, `pet_vaccine`, `pet_fixed`, `pet_notes`) VALUES (4, 2, 4, 'pig', 'm', 90, 90, 4, 'red', '2016-01-01', 'y', 'n', 'note');
INSERT INTO `tg09e`.`pet` (`pet_id`, `pst_id`, `cus_id`, `pet_type`, `pet_sex`, `pet_cost`, `pet_price`, `pet_age`, `pet_color`, `pet_sale_date`, `pet_vaccine`, `pet_fixed`, `pet_notes`) VALUES (5, 2, 5, 'bearded dragon', 'f', 988, 10, 5, 'green', '2015-10-20', 'y', 'n', 'note');
INSERT INTO `tg09e`.`pet` (`pet_id`, `pst_id`, `cus_id`, `pet_type`, `pet_sex`, `pet_cost`, `pet_price`, `pet_age`, `pet_color`, `pet_sale_date`, `pet_vaccine`, `pet_fixed`, `pet_notes`) VALUES (6, 2, 6, 'ferret', 'f', 8, 90, 6, 'brown', '2015-10-02', 'y', 'n', 'note');
INSERT INTO `tg09e`.`pet` (`pet_id`, `pst_id`, `cus_id`, `pet_type`, `pet_sex`, `pet_cost`, `pet_price`, `pet_age`, `pet_color`, `pet_sale_date`, `pet_vaccine`, `pet_fixed`, `pet_notes`) VALUES (7, 3, 7, 'koala', 'f', 890, 9000, 7, 'grey', '2015-12-01', 'y', 'y', 'note');
INSERT INTO `tg09e`.`pet` (`pet_id`, `pst_id`, `cus_id`, `pet_type`, `pet_sex`, `pet_cost`, `pet_price`, `pet_age`, `pet_color`, `pet_sale_date`, `pet_vaccine`, `pet_fixed`, `pet_notes`) VALUES (8, 3, 8, 'giraffe', 'f', 9000, 9000, 89, 'yellow', '2015-12-12', 'y', 'y', 'note');
INSERT INTO `tg09e`.`pet` (`pet_id`, `pst_id`, `cus_id`, `pet_type`, `pet_sex`, `pet_cost`, `pet_price`, `pet_age`, `pet_color`, `pet_sale_date`, `pet_vaccine`, `pet_fixed`, `pet_notes`) VALUES (9, 3, 9, 'tiger', 'm', 10, 9000, 10, 'orange', '2015-12-12', 'y', 'y', 'note');
INSERT INTO `tg09e`.`pet` (`pet_id`, `pst_id`, `cus_id`, `pet_type`, `pet_sex`, `pet_cost`, `pet_price`, `pet_age`, `pet_color`, `pet_sale_date`, `pet_vaccine`, `pet_fixed`, `pet_notes`) VALUES (10, 4, 10, 'pterodactyl', 'm', 5, 9000, 11, 'grey', '2015-12-12', 'n', 'y', 'note');

COMMIT;

